test2_z.date,xYield_FEDMINFRMWG,xYield_GDPPOT,xYield_GS30,xYield_NYXRSA,xYield_CPIHOSNS,xYield_MSPUS,xYield_UEMPMEAN,xYield_CASTHPI,xYield_FDHBFIN,xYield_POP,xYield_USSTHPI,xYield_POPTHM,xYield_WTB3MS,xYield_CSCICP03USM665S,xYield_DGS3MO,xYield_USSLIND,xYield_DTB3,xYield_MICH,xYield_UMCSENT,xYield_BOXRSA,xYield_TB3MS,xYield_AAA10Y,xYield_DGS30,xYield_RU2000PR,xYield_PCDG,xYield_TOTALSL,xYield_MSPNHSUS,xYield_CPALTT01USQ657N,xYield_MVLOAS,xYield_REALLN,xYield_ASPUS,xYield_GS3M,xYield_FEDMINNFRWG,xYield_DRCLACBS,xYield_SDXRSA,xYield_PCEDG,yFYield_CSUSHPINSA,Q1,Q2,Q3,Q4,BL_yFYield_CSUSHPINSA
1989-03-31,0.0,0.00798703553652036,0.0033296337402886067,-0.0011848341232228998,0.008333333333333304,0.035996488147497896,-0.03875968992248058,0.0478723404255319,0.03314917127071815,0.0013045810709757522,0.006451612903225712,0.0013000731291135104,0.05248768472906429,0.0,0.051745843230403876,-0.0842105263157894,0.05033796239400257,-0.033333333333333326,0.043525571273123065,0.0053547523427039945,0.058240396530359284,0.012684989429175397,0.005561735261401468,0.06388888888888888,0.0,0.030054644808743092,-0.024793388429752095,0.07001448575567348,0.0,0.030165912518853588,0.02777777777777768,0.05948502994011973,0.0,0.03939393939393954,0.042979942693409656,-0.02605210420841686,0.0175675675675675,1,0,0,0,1
1989-06-30,0.0,0.00792374827744613,-0.036504424778760924,-0.010676156583629748,0.008264462809917328,0.007627118644067732,-0.040322580645161255,0.045685279187817285,-0.021390374331550777,0.0021795865685514393,0.019230769230769162,0.0022600016229814557,-0.016299641946128207,-0.003964321110009994,-0.017231839380286273,-0.3448275862068966,-0.01679030257646308,0.1220159151193636,-0.05213764337851934,-0.0013315579227695107,-0.015222482435597096,0.5010438413361171,-0.03761061946902655,0.08355091383812008,0.014403292181069949,0.019893899204244114,0.012711864406779627,0.4835740072202168,0.01754385964912286,0.03221083455344065,0.017325017325017233,-0.015452089479692899,0.0,0.026239067055393583,0.05769230769230771,0.014403292181069949,0.013280212483399723,0,1,0,0,1
1989-09-30,0.0,0.00786145607838673,-0.06773823191733652,-0.017985611510791366,0.016393442622950838,0.00925147182506314,-0.025210084033613467,0.058252427184465994,0.0710382513661203,0.002685145435252778,0.018867924528301883,0.0027568952744143616,-0.06688553450142154,0.0009950248756218638,-0.06776895588928067,-0.18421052631578938,-0.066177958134498,-0.13238770685579204,0.017601760176017445,-0.020000000000000018,-0.06738406658739593,0.19193324061196093,-0.06666666666666665,0.04578313253012056,0.026369168356997985,0.013003901170351106,0.0011129707112971232,-0.5080910086385204,0.010344827586206806,0.03546099290780136,0.023160762942779245,-0.06888633754305407,0.0,0.014204545454545414,0.04025974025974022,0.026369168356997985,0.002621231979030192,0,0,1,0,1
1989-12-31,0.0,0.007687090210264591,-0.023399014778325067,-0.003663003663003761,0.008064516129032251,0.040000000000000036,0.008620689655172376,0.032110091743119185,0.08673469387755106,0.0028233640443176,0.006172839506172867,0.0027291298274512155,-0.024615659179562988,0.0,-0.025291804814317254,0.18999999999999995,-0.024913979864916502,-0.038147138964577665,-0.007567567567567601,-0.008163265306122325,-0.024224497341680196,0.14469078179696626,-0.023399014778325067,-0.032258064516129004,-0.02766798418972327,0.01412066752246477,0.03984686499544443,0.19045263418253766,-0.0068259385665528916,0.03150684931506853,0.0066577896138482195,-0.025067817509247803,0.0,0.0028011204481792618,0.03370786516853941,-0.02766798418972327,0.0013071895424836555,0,0,0,1,1
1990-03-31,0.0,0.0075162665470047685,0.06431273644388402,-0.008578431372548878,0.008000000000000007,-0.007211538461538436,0.0,0.01333333333333342,0.04460093896713624,0.0022434709758494265,0.006134969325153339,0.0022627167094784184,0.014376266091616019,0.0,0.01497199074366784,0.38547031715912183,0.014637652747827135,0.12464589235127499,-0.005446623093681935,-0.002743484224965731,0.013941698352344822,-0.21304791029561665,0.06431273644388402,-0.04523809523809519,0.04674796747967469,0.010126582278481067,-0.005088424437299066,0.7882817369623936,-0.010309278350515427,0.027888446215139417,-0.011243386243386277,0.014746986732770972,0.0,0.005586592178770999,0.021739130434782483,0.04674796747967469,0.009138381201044377,1,0,0,0,1
1990-06-30,0.13432835820895517,0.007348847567085981,0.0248815165876779,-0.016069221260816002,0.007936507936507908,0.023405972558514954,0.0,0.004385964912280604,0.01348314606741563,0.0029738820815568,0.0060975609756097615,0.0031132499919657164,-0.0018810796882046121,-0.0009940357852882276,-0.0019560206814926984,-0.26954933802908754,-0.002163972435113015,-0.09319899244332497,-0.004381161007666945,-0.02613480055020645,-0.001713917525773212,-0.06606217616580312,0.0248815165876779,0.02244389027431426,-0.03300970873786413,0.0025062656641603454,0.023431124613184418,-0.4101312884861159,0.00694444444444442,0.029715762273901714,0.011371237458194017,-0.0012463699475280254,0.13432835820895517,0.002777777777777768,0.013002364066194039,-0.03300970873786413,0.001293661060802087,0,1,0,0,1
1990-09-30,0.0,0.007184702111197039,0.01734104046242768,-0.02638190954773867,0.023622047244094446,-0.07728706624605675,0.042735042735042805,0.008733624454148492,0.02882483370288247,0.003477940322070161,0.0060606060606061,0.003540092346752788,-0.034646116511120595,-0.014925373134328401,-0.03562690368003196,-0.7589285714285714,-0.0348019156544076,0.17500000000000004,-0.1298129812981299,-0.025423728813559254,-0.03485355054410255,-0.03051317614424398,0.016184971098265777,-0.09268292682926826,-0.008032128514056214,0.011249999999999982,-0.07868663503517093,0.700610596809139,0.0,0.027603513174403904,-0.037698412698412676,-0.03660164975727842,0.0,0.05540166204986163,-0.003500583430571691,-0.008032128514056214,-0.012919896640826822,0,0,1,0,0
1990-12-31,0.0,0.00691395961369623,-0.02840909090909094,-0.020645161290322456,0.0,0.03846153846153855,0.016393442622950838,-0.008658008658008698,0.049568965517241326,0.0036016466952295545,-0.0060240963855421326,0.0035395758095733143,-0.0638764458113259,-0.014141414141414232,-0.06549822662904181,-2.024814814814815,-0.0645036177127496,0.11820330969267134,-0.17699115044247793,-0.02753623188405807,-0.0650955635507644,0.2818311874105863,-0.026166097838452584,-0.16129032258064513,-0.02631578947368418,0.003708281829418958,0.04513281919451595,-0.060979847116052754,-0.020689655172413834,0.019536019536019467,0.0316151202749142,-0.06563471502590668,0.0,0.052493438320209806,-0.010538641686182681,-0.02631578947368418,-0.014397905759162444,0,0,0,1,0
1991-03-31,0.0,0.006648501362397807,-0.04093567251462005,-0.023715415019763042,0.01538461538461533,-0.012345679012345734,0.016129032258064502,0.0,0.010266940451745477,0.00313913655840814,0.0121212121212122,0.0030817314956934627,-0.13745571934636036,0.009221311475409832,-0.13958223675097647,0.1807011203469462,-0.13811688683021672,-0.2536997885835096,0.15207373271889413,-0.03427719821162445,-0.13829756795422032,0.018973214285714413,-0.04205607476635531,0.19551282051282048,-0.018711018711018657,-0.006157635467980316,-0.015307419219952934,-0.49263028060437863,-0.03169014084507038,0.020359281437125842,0.0066622251832111345,-0.13954777979565536,0.0,0.02743142144638422,-0.023668639053254448,-0.018711018711018657,0.006640106241699861,1,0,0,0,1
1991-06-30,0.11842105263157898,0.006388046773494915,0.014634146341463428,-0.012145748987854144,0.007575757575757569,-0.0008333333333333526,0.06349206349206349,-0.008733624454148492,0.020325203252032464,0.0031293132168863647,0.0059880239520957446,0.003195154148348811,-0.0794899395545251,0.009137055837563413,-0.07653299418838655,-2.275482093663912,-0.07769502546154228,-0.09348441926345596,0.07600000000000007,-0.010802469135802517,-0.07691796855544308,-0.14786418400876222,0.013414634146341697,0.158176943699732,0.006355932203389925,0.0,-0.011931723563696872,-0.2785948705481949,-0.021818181818181848,0.012910798122065748,-0.019192587690271323,-0.07572462016852755,0.11842105263157898,0.021844660194174637,-0.012121212121212088,0.006355932203389925,0.01055408970976246,0,1,0,0,1
1991-09-30,0.0,0.0063474986551910195,-0.016826923076923128,0.013661202185792254,0.007518796992481258,0.0008340283569641116,0.03731343283582089,0.0,0.007968127490039834,0.0035109777361310712,0.0,0.0035643298309115945,-0.030997571287217918,0.0,-0.033192127329463306,1.343892488600912,-0.03253421577972404,-0.03125,0.023543990086740907,0.0,-0.032967625899280595,0.08226221079691531,-0.014440433212996484,0.0023148148148148806,0.0189473684210526,-0.006195786864931829,0.01348310819351628,0.32535804549283887,-0.0074349442379182396,0.0011587485515642815,-0.018893387314439902,-0.03428800529921383,0.0,-0.009501187648456089,0.004907975460122671,0.0189473684210526,-0.00652741514360311,0,0,1,0,0
1991-12-31,0.0,0.00609364977549709,-0.04034229828850855,0.005390835579514697,0.00746268656716409,0.0,0.07194244604316546,0.008810572687224738,0.029644268774703608,0.0035341536352138103,0.011904761904761862,0.0034256688913827382,-0.1511083881029296,-0.01106639839034218,-0.156187453794695,-0.2901607453670523,-0.15436665799159777,-0.05483870967741933,-0.1295399515738498,-0.0031201248049921304,-0.1556158982275373,0.30878859857482177,-0.04151404151404148,0.03464203233256358,-0.01446280991735538,-0.004987531172069848,0.00636916194799908,-0.038774472412916317,-0.011235955056179803,0.003472222222222321,-0.00687757909215958,-0.15703971119133575,0.0,-0.016786570743405393,-0.004884004884004978,-0.01446280991735538,-0.00525624178712214,0,0,0,1,0
1992-03-31,0.0,0.006163000743810487,-0.006369426751592355,0.002680965147453085,0.007407407407407307,-0.004166666666666652,0.11409395973154379,-0.004366812227074246,0.028790786948176494,0.002940645293004529,0.0117647058823529,0.002943080816999233,-0.148896616582464,-0.0010172939979653517,-0.1447956065559758,0.33174671859224003,-0.14291052978676622,-0.1023890784982936,-0.015299026425591222,-0.0046948356807511304,-0.1424449339207049,-0.11796733212341204,-0.006369426751592355,0.140625,0.0398322851153039,0.0012531328320801727,-0.01624350383779627,-0.07155138209231571,-0.007575757575757569,0.006920415224913601,0.0006925207756232066,-0.14346895074946464,0.0,-0.03414634146341455,-0.009815950920245342,0.0398322851153039,0.009247027741083214,1,0,0,0,1
1992-06-30,0.0,0.006019643045728218,0.012820512820512997,0.00401069518716568,0.007352941176470562,0.004184100418409997,0.07228915662650603,-0.013157894736842146,0.04104477611940305,0.00326476287408739,0.0,0.003341354148326481,-0.05098291147372491,0.008146639511201537,-0.058469303615601875,0.34658290913029366,-0.05619533714637448,0.14068441064638781,0.11440677966101709,0.011006289308175932,-0.05478642796599287,-0.07510288065843618,0.012820512820512997,-0.048923679060665415,0.010080645161290258,-0.0012515644555695093,0.0008398632702595332,0.16424501424501425,-0.007633587786259555,0.009163802978235935,0.005536332179930881,-0.057499999999999996,0.0,-0.030303030303030276,-0.0037174721189591198,0.010080645161290258,0.003926701570680535,0,1,0,0,1
1992-09-30,0.0,0.005983623766533608,-0.0582278481012658,0.0,0.007299270072992803,0.0,0.016853932584269593,0.0,0.008960573476702427,0.003652127090901347,0.011627906976744207,0.0036928860274763053,-0.15580406704394678,-0.002020202020202033,-0.16374300045115575,-0.00265422665487014,-0.16201967498233605,-0.05666666666666664,-0.035487959442332184,-0.0062208398133747345,-0.16214673913043487,0.515016685205784,-0.05696202531645567,-0.02263374485596703,0.02195608782435121,0.0012531328320801727,0.009784588015138374,-0.03731799828704263,0.01538461538461533,0.0,-0.024776324845148023,-0.16445623342175064,0.0,-0.03385416666666663,-0.013681592039801127,0.02195608782435121,-0.0013037809647979959,0,0,1,0,0
1992-12-31,0.0,0.006052384430762725,0.012096774193548265,0.0013315579227697327,0.0,0.050000000000000044,0.027624309392265234,-0.008888888888888835,0.0248667850799289,0.003557197006511803,0.0,0.0034617267450443023,-0.02097700227731991,0.00809716599190291,-0.002348386277807757,0.5187903225806452,-0.0043455701128551905,0.0,0.09329829172141935,0.0046948356807512415,-0.004313560146596229,-0.06240822320117456,0.009395973154362247,0.0736842105263158,0.021484375,0.005006257822277815,0.05235471566403227,-0.09799186578546015,0.0,0.006810442678774065,0.03881439661256181,-0.0021269841269840883,0.0,-0.043126684636118684,-0.017654476670870056,0.021484375,-0.0026109660574411553,0,0,0,1,0
1993-03-31,0.0,0.006119697126854007,-0.05976095617529886,0.009308510638297962,0.01449275362318847,-0.007936507936507908,-0.032258064516129115,-0.017937219730941756,0.015597920277296451,0.003009994576586239,0.005747126436781658,0.0029503207796279796,-0.024932018477869078,0.005020080321285203,-0.037694436492031747,0.005309828492539692,-0.03589342713829713,0.08480565371024729,0.049278846153846034,0.010903426791277315,-0.03583061889250816,0.14722004698512126,-0.05984042553191482,0.10196078431372557,0.009560229445506607,0.011207970112079746,-0.019742089344799485,0.19163026630970825,0.0037878787878788955,0.0011273957158963732,-0.016983695652173947,-0.03817643877453636,0.0,-0.016901408450704092,-0.010269576379974499,0.009560229445506607,0.009162303664921323,1,0,0,0,1
1993-06-30,0.0,0.006185567010309256,-0.031073446327683607,0.0039525691699604515,0.0071428571428571175,0.016000000000000014,-0.022222222222222143,-0.004566210045662156,0.018771331058020424,0.0029700637656082662,0.005714285714285783,0.003038152556178897,-0.004401585914925121,-0.005994005994005902,0.003305566574110852,-0.14435113294248136,0.002567567567567597,0.019543973941368087,-0.05498281786941572,0.0,0.0022635135135133932,-0.03344709897610931,-0.02970297029702973,0.008896797153024938,0.037878787878787845,0.011083743842364546,0.02416762665850336,-0.09104883528437979,0.026415094339622636,0.011261261261261257,0.029025570145127855,0.003307643965203555,0.0,-0.028653295128939882,-0.02075226977950706,0.037878787878787845,0.012970168612191912,0,1,0,0,1
1993-09-30,0.0,0.006352459016393475,-0.07871720116618075,0.001312335958005173,0.007092198581560183,0.0,0.017045454545454364,-0.00917431192660545,0.03685092127303191,0.0033771554877815024,0.011363636363636465,0.0034176718265299666,0.015051803854071677,-0.005025125628140725,0.011564312071692173,0.2037037037037035,0.011355977894595082,-0.019169329073482455,-0.06181818181818177,0.01232665639445285,0.012336940034381572,-0.09816384180790949,-0.07871720116618075,0.059964726631393406,0.01642335766423364,0.01705237515225333,-0.00393288917904866,-0.48874723559255895,0.03676470588235303,0.010022271714922093,-0.006044325050369337,0.012099034055319091,0.0,-0.05604719764011801,-0.015894039735099397,0.01642335766423364,0.001280409731114096,0,0,1,0,1
1993-12-31,0.0,0.006312360008144946,-0.030063291139240556,0.005242463958060384,0.0,0.0,0.022346368715083997,-0.0092592592592593,0.050080775444264924,0.0032928696706746585,0.00561797752808979,0.003195071994599452,0.014762110582837273,0.007070707070707005,0.020388887079438422,0.029076923076923,0.01935827807949897,-0.013029315960912058,0.0852713178294573,0.007610350076103556,0.01887923284387183,-0.0360219263899767,-0.02848101265822789,0.0532445923460898,0.030520646319569078,0.026347305389221587,0.0002684924150893053,0.7577608142493639,0.028368794326241176,0.015435501653803696,0.002027027027027062,0.020618892508143416,0.0,-0.06875000000000009,-0.0013458950201883368,0.030520646319569078,0.0012787723785165905,0,0,0,1,1
1994-03-31,0.0,0.0062727640631323744,0.07014681892332786,0.003911342894393766,0.014084507042253502,0.023622047244094446,0.032786885245901454,-0.009345794392523366,0.01692307692307682,0.0027159256524915687,0.005586592178770999,0.0026878534259617837,0.061007175387438384,0.010030090270812364,0.06444508283060424,-0.03986644740120593,0.06442439694057644,-0.05280528052805267,0.1071428571428572,0.013595166163141936,0.059901960784313646,-0.11616571892770089,0.07166123778501632,0.03791469194312791,0.026132404181184565,0.028004667444574194,0.021576259009844723,-0.07310364794441226,0.01379310344827589,0.009771986970684043,0.0357383681726231,0.05958574027383268,0.0,-0.033557046979865834,-0.0013477088948787852,0.026132404181184565,0.011494252873563315,1,0,0,0,1
1994-06-30,0.0,0.006434747637241056,0.12195121951219523,0.011688311688311748,0.0,0.0,0.010582010582010692,-0.02358490566037741,-0.001512859304084735,0.002884054156128135,0.005555555555555536,0.002939942802669293,0.2200228514961553,-0.0009930486593844323,0.2329974811083122,0.08127887060777494,0.22800552740672497,0.020905923344947785,-0.008602150537634357,0.013412816691505292,0.22921098880769586,-0.21047794117647056,0.11854103343465039,-0.05631659056316596,0.01697792869269943,0.036322360953461974,0.010819165378670892,-0.006403248477276247,0.05102040816326525,0.010752688172043001,0.00390625,0.2349397590361446,0.0,-0.04166666666666674,0.0013495276653172628,0.01697792869269943,0.012626262626262541,0,1,0,0,1
1994-09-30,0.0,0.00639360639360631,0.03125,0.005134788189987027,0.01388888888888884,-0.002307692307692344,-0.015706806282722585,-0.01449275362318836,0.03333333333333344,0.0031914853149832556,0.005524861878453136,0.003227879142730039,0.12870810974992408,-0.0009940357852882276,0.12094459847268846,0.04003264052224842,0.1204051012753189,0.06825938566552892,-0.01626898047722347,0.004411764705882337,0.12290867133217964,-0.016298020954598536,0.03125,0.003225806451612856,0.016694490818029983,0.033953997809419434,-0.012744648318042784,0.384155925809494,0.0453074433656957,0.01914893617021285,-0.009079118028534339,0.12358536585365854,0.0,-0.018115942028985477,-0.0013477088948787852,0.016694490818029983,0.0,0,0,1,0,0
1994-12-31,0.0,0.00655151876116733,0.0487483530961792,0.0012771392081738497,0.0,0.017733230531996824,-0.021276595744680993,-0.014705882352941124,-0.021994134897360684,0.003143413997861444,0.0,0.0030621139197331004,0.18386293812930288,0.0029850746268655914,0.18111995834327743,-0.04310702912262887,0.17895324182568917,-0.019169329073482455,0.026460859977949225,0.005856515373352966,0.17944021265664434,-0.13609467455621305,0.0487483530961792,-0.008038585209003246,0.03776683087027921,0.0402542372881356,0.024525102026592638,-0.46627299568476044,0.021671826625387025,0.02192066805845516,0.021596858638743388,0.18017235765298367,0.0,0.011070110701107083,-0.0080971659919028,0.03776683087027921,-0.0024937655860349794,0,0,0,1,0
1995-03-31,0.0,0.0065088757396449815,-0.04020100502512569,0.0025510204081631294,0.006849315068493178,-0.015151515151515138,-0.07065217391304335,-0.00497512437810943,0.05997001499250376,0.002702651622535912,0.005494505494505475,0.0026825047793923584,0.08611153205031052,0.0009920634920634885,0.08681276290894391,-0.18969758356243682,0.08575809779830745,0.0,0.012889366272824887,0.004366812227074135,0.08649621212121206,0.09726027397260273,-0.041457286432160845,0.02269043760129663,-0.017405063291139222,0.03971486761710796,-0.010075585789871555,0.753617021276596,0.0121212121212122,0.027579162410623193,-0.01665598975016014,0.08828885169312262,0.0,0.04744525547445244,-0.0054421768707483276,-0.017405063291139222,0.008750000000000036,1,0,0,0,1
1995-06-30,0.0,0.0064667842445620405,-0.08900523560209417,-0.00254452926208637,0.006802721088435382,0.030000000000000027,-0.01754385964912286,0.010000000000000009,0.0777934936350777,0.002782071097372496,0.016393442622950838,0.0028411231856753094,-0.024416617252084105,-0.0029732408325074955,-0.024440125073945884,-0.375,-0.024584590169651088,0.0,-0.0275715800636267,0.0028985507246377384,-0.024404274234315793,0.3008739076154807,-0.09043250327653996,0.06973058637083995,0.009661835748792313,0.03525954946131238,0.022142982583398974,0.07231254549866528,0.026946107784431073,0.021868787276341894,0.03517915309446251,-0.023661838524853374,0.0,0.04529616724738683,-0.008207934336525224,0.009661835748792313,0.011152416356877248,0,1,0,0,1
1995-09-30,0.0,0.006619937694704037,-0.03591954022988508,0.0012755102040815647,0.006756756756756799,-0.014189693801344272,-0.029761904761904767,0.00990099009900991,0.07611548556430447,0.003169077621725691,0.016129032258064502,0.0032276003035973666,-0.040276734956559035,0.0009940357852884496,-0.041476810062544334,0.2698095238095237,-0.04048763920418996,-0.06514657980456018,0.016357688113413316,0.010115606936416333,-0.04109564564832857,0.06333973128598824,-0.03170028818443815,0.11703703703703705,0.02551834130781505,0.032166508987701015,-0.01419319175002054,-0.5044127630685676,0.03790087463556846,0.021400778210116655,-0.007551919446192601,-0.04270604324268179,0.0,0.06333333333333324,-0.0055172413793104225,0.02551834130781505,0.0,0,0,1,0,0
1995-12-31,0.0,0.0067698259187620735,-0.07153502235469444,0.003821656050955413,0.006711409395973256,0.045454545454545414,-0.00613496932515345,0.0,0.018292682926829285,0.003200287801057522,0.005291005291005346,0.003067404241931637,-0.02063891217286029,-0.003972194637537285,-0.020189787618617228,0.09502737568439223,-0.019840530571183623,-0.024390243902439157,-0.03648068669527904,0.0042918454935620964,-0.019881864087800682,-0.016245487364620725,-0.0714285714285714,0.007957559681697646,0.013996889580093264,0.03483043079743364,0.03763061977615623,0.09520547945205493,0.030898876404494402,0.00952380952380949,0.02029169308814205,-0.020488245931284066,0.0,0.034482758620689724,-0.002773925104022079,0.013996889580093264,-0.001225490196078316,0,0,0,1,0
1996-03-31,0.0,0.00701248799231502,0.01123595505617958,0.005076142131979822,0.006666666666666599,-0.007246376811594235,0.024691358024691468,0.0,0.08742514970059889,0.0024840776227563754,0.010526315789473717,0.002490478679710195,-0.06247979154383099,0.0009970089730808596,-0.06423406139315224,-0.08904109589041087,-0.06293121471879581,0.010714285714285898,0.007795100222717233,0.01139601139601143,-0.06273764258555137,0.04220183486238516,0.009615384615384581,0.046052631578947345,0.012269938650306678,0.030115146147032812,-0.006083266999189374,0.9001459245361683,0.008174386920980936,0.01132075471698113,0.0012430080795524656,-0.06400575996455393,0.0,0.0121212121212122,0.0,0.012269938650306678,0.013496932515337345,1,0,0,0,1
1996-06-30,0.0,0.007345225603357708,0.10000000000000009,0.005050505050504972,0.0066225165562914245,0.02116788321167884,0.04819277108433728,-0.014705882352941124,0.02422907488986792,0.0027797443827550783,0.005208333333333259,0.002845575390987287,0.01842083908139247,0.0019920318725097363,0.01630327642629026,0.32330827067669166,0.017828891322867024,0.060070671378091856,0.011049723756906049,0.012676056338028152,0.018255578093306246,-0.21214788732394363,0.09841269841269851,0.09433962264150941,0.024242424242424176,0.024075666380051652,0.02008082292432034,0.08524410312671415,0.03513513513513522,0.009328358208955168,0.030415890751086305,0.017100591715976332,0.0,0.04491017964071875,0.0,0.024242424242424176,0.012106537530266248,0,1,0,0,1
1996-09-30,0.0,0.007670454545454453,0.005772005772005873,0.0,0.013157894736842035,0.0007147962830593713,-0.028735632183908066,0.0,0.06774193548387086,0.0031956479733645793,0.005181347150259086,0.0032571838173303114,0.016095617529880535,0.0029821073558649047,0.01675945143832558,0.03977272727272729,0.015603515274705604,0.03333333333333344,0.03715846994535532,0.012517385257301727,0.01527888446215142,-0.0949720670391061,0.007225433526011571,-0.05287356321839076,0.004437869822485174,0.02350965575146935,0.0088883766827772,-0.4617873028710069,0.02872062663185382,0.006469500924214389,-0.012048192771084376,0.016793685884383347,0.0,0.0372492836676217,-0.004172461752434131,0.004437869822485174,0.0,0,0,1,0,0
1996-12-31,0.11764705882352944,0.007987971055351872,-0.0516499282639884,0.005025125628140836,0.0,0.02928571428571436,-0.05917159763313595,0.004975124378109541,0.10976837865055389,0.0032780691617033675,0.005154639175257714,0.0031984836818101936,-0.025348964868255885,0.0029732408325073845,-0.025239903084877002,-0.20398907103825137,-0.024115061612118405,-0.032258064516129115,0.02739726027397249,0.01236263736263754,-0.023544646535993863,0.093827160493827,-0.050215208034433245,0.058252427184465994,0.016200294550809957,0.018867924528301883,0.028557761642642454,0.3527422990232907,0.010152284263959421,0.02203856749311295,0.04268292682926833,-0.025422920679724514,0.11764705882352944,0.01933701657458564,0.006983240223463749,0.016200294550809957,0.0011961722488038617,0,0,0,1,1
1997-03-31,0.0,0.00857728883087816,0.03177004538577921,0.006250000000000089,0.01298701298701288,0.006245662734212454,-0.0062893081761006275,0.004950495049504955,0.05081669691470059,0.0026877254385091476,0.01025641025641022,0.0026458345633819658,0.017962385597908304,0.0019762845849802257,0.017301444396602417,0.20594494405162345,0.01773399014778332,-0.023333333333333317,0.01538461538461533,0.01763907734056991,0.016737999075692622,-0.025959367945823875,0.030211480362537735,0.04013761467889898,0.023188405797101463,0.015297906602254496,0.008787578001901997,-0.06553735073590672,-0.015075376884422065,0.022461814914645162,0.007017543859649145,0.01696673189823872,0.0,0.016260162601626105,0.009708737864077666,0.023188405797101463,0.01433691756272415,1,0,0,0,1
1997-06-30,0.0,0.008966537252727003,0.016129032258064502,0.006211180124223503,0.0,0.0055172413793103114,-0.01898734177215189,0.009852216748768461,0.021588946459412783,0.0027983460302147822,0.0050761421319796,0.0028633574890783997,-0.002134049952576822,0.004930966469427922,-0.001019662164762014,0.07400239084647353,-0.0025287946737262423,-0.010238907849829393,0.04040404040404044,0.014666666666666606,-0.0026284584980235115,0.016222479721900385,0.017595307917888547,0.005512679162072764,-0.012747875354107596,0.014274385408405976,0.0,-0.4102526002971768,0.030612244897959107,0.02987697715289972,0.029036004645760727,-0.0012892797352165308,0.0,0.002666666666666595,0.01098901098901095,-0.012747875354107596,0.014134275618374437,0,1,0,0,1
1997-09-30,0.027368421052631486,0.00925332111772792,-0.057720057720057616,0.011111111111111072,0.012820512820512775,-0.005486968449931462,0.03870967741935494,0.019512195121951237,0.03972950126796282,0.003249507066301005,0.015151515151515138,0.00331758946298355,0.0006138613861386144,0.0029440628066732533,-0.0011747713047665087,-0.060104945142311905,3.961258888085517e-05,-0.05862068965517242,0.027184466019417375,0.013140604467805517,0.0,0.05701254275940704,-0.05907780979827093,0.1513157894736843,0.0373027259684362,0.012509773260359625,0.0004610102316748854,-0.004031242126480206,0.024752475247524774,0.022184300341296925,-0.014108352144469483,-0.0012909441233140972,0.027368421052631486,-0.013297872340425454,0.017663043478260976,0.0373027259684362,0.006968641114982743,0,0,1,0,1
1997-12-31,0.05532786885245922,0.009622367465504711,-0.059724349157733614,0.01098901098901095,0.0,-0.0055172413793103114,-0.018633540372670843,0.014354066985645897,0.009756097560975618,0.003231662238228017,0.014925373134328401,0.00312738897769127,0.005026617324018989,0.0,0.008348758290914748,0.10906220041730097,0.008001425996712275,0.03663003663003672,-0.007561436672967825,0.01945525291828787,0.008579864069589993,0.04854368932038833,-0.059724349157733614,0.04285714285714293,0.019363762102351245,0.016216216216216273,-0.008713892709766191,-0.0037945863900834542,0.021739130434782705,0.016694490818029983,0.00400686891814539,0.00900970424247105,0.05532786885245922,0.010781671159029615,0.028037383177569986,0.019363762102351245,0.009227220299884653,0,0,0,1,1
1998-03-31,0.0,0.00980039561229984,-0.04234527687296419,0.019323671497584627,0.006329113924050667,0.0554785020804438,-0.03797468354430389,0.02358490566037741,0.006441223832528209,0.0026266156422256604,0.014705882352941124,0.002567038352428108,-0.0030323914541694474,0.001956947162426559,-0.007839837849207498,-0.13560787105303296,-0.0077021318400628536,-0.15194346289752658,0.026666666666666616,0.025445292620865034,-0.007210216110019596,0.11008230452674894,-0.04071661237785018,0.024657534246575352,0.0013568521031208647,0.0075987841945288626,0.056198094815205435,-0.3184357541899441,0.0,0.016420361247947435,0.026225769669327326,-0.007648183556405397,0.0,-0.002666666666666595,0.03896103896103886,0.0013568521031208647,0.021714285714285797,1,0,0,0,1
1998-06-30,0.0,0.010061437093758396,-0.005102040816326592,0.018957345971563955,0.0062893081761006275,-0.017739816031537403,-0.046052631578947345,0.02304147465437789,0.0047999999999999154,0.002659758329482509,0.009661835748792313,0.0027386797599564527,-0.01702514269913702,-0.000976562500000111,-0.014126852583498661,0.02941176470588247,-0.015088212581430782,0.0708333333333333,-0.008348794063079645,0.027295285359801635,-0.015158411335167155,-0.03151065801668218,-0.006791171477079749,0.036541889483066026,0.042005420054200604,0.030165912518853588,-0.016422194924884836,0.9944113263785392,0.026004728132387633,0.017770597738287597,-0.00666666666666671,-0.0147784200385358,0.0,0.008021390374331583,0.03874999999999984,0.042005420054200604,0.02237136465324374,0,1,0,0,1
1998-09-30,0.0,0.010137517630465442,-0.06495726495726495,0.019767441860465196,0.006250000000000089,0.02341137123745818,-0.02758620689655178,0.027027027027026973,-0.02547770700636942,0.0030772803808860605,0.009569377990430672,0.003122925757064632,-0.025196407402198195,-0.003910068426197344,-0.03032020956327952,-0.04954285714285711,-0.02973402223517818,-0.05447470817120614,-0.031805425631431294,0.030193236714975757,-0.03082363815379674,0.23062200956937806,-0.06324786324786313,-0.13757523645743763,0.02080624187256186,0.016105417276720324,0.02360201158061348,-0.27311787782551844,0.034562211981566726,0.0087301587301587,0.03076062639821031,-0.030626014511176747,0.0,-0.0026525198938992522,0.0373044524669075,0.02080624187256186,0.008752735229759168,0,0,1,0,1
1998-12-31,0.0,0.010297582686098261,-0.0658135283363801,0.01710376282782211,0.0,0.0,0.007092198581560183,0.01754385964912286,0.04493464052287588,0.0030859284556610245,0.014218009478673022,0.003022808463863713,-0.12398227352365243,-0.001962708537782132,-0.1204362639356491,0.004028136836409457,-0.11883054991504705,0.0,-0.03188405797101446,0.021101992966002348,-0.11817635228992585,0.297045101088647,-0.06934306569343074,-0.05583250249252247,0.05095541401273884,0.01729106628242083,-0.003914737027540194,-0.10871241326137238,0.028953229398663627,0.02202989771833197,-0.01519262072707539,-0.11903080678677347,0.0,-0.010638297872340274,0.024361948955916368,0.05095541401273884,0.009761388286333883,0,0,0,1,1
1999-03-31,0.0,0.010279001468428861,0.05088062622309186,0.015695067264573925,0.006211180124223503,0.02875816993464042,-0.04929577464788726,0.012931034482758674,-0.005473025801407294,0.002611182642127341,0.009345794392523255,0.0025342465753424026,0.03745882352941177,0.004916420845624492,0.03729170964266881,0.017964071856287456,0.03632986102946356,0.08230452674897104,0.05688622754491024,0.03788748564867972,0.03606611337079424,-0.1420863309352518,0.05490196078431375,0.07180570221752913,-0.0060606060606061,0.02053824362606238,0.027071993292591134,0.11389850057670126,0.02164502164502169,0.016936104695919996,0.04187327823691467,0.03664094167220111,0.0,0.016129032258064502,0.03171007927519809,-0.0060606060606061,0.02470461868958118,1,0,0,0,1
1999-06-30,0.0,0.010516415868673024,0.08007448789571692,0.02759381898454749,0.006172839506172867,0.008259212198221011,0.014814814814814836,0.02127659574468077,-0.010220125786163492,0.002625965402006436,0.01388888888888884,0.0027363962272970443,0.006463757597750197,0.0009784735812132794,0.01286017323669797,-0.03529411764705881,0.009756761662733648,0.015209125475285079,0.0028328611898016387,0.028761061946902533,0.010574806544579873,-0.02655485674353597,0.07806691449814118,0.06502463054187202,0.04268292682926833,0.01873698820263714,0.006804846938775588,1.516438001553197,0.03813559322033888,0.014383043149129415,0.014278159703860371,0.01325468884617953,0.0,-0.042328042328042215,0.023051591657519355,0.04268292682926833,0.026205450733752578,0,1,0,0,1
1999-09-30,0.0,0.010491581352060297,0.04137931034482767,0.030075187969925032,0.012269938650306678,0.002520478890989386,-0.029197080291970656,0.02083333333333326,0.017474185861795055,0.0031464931132343388,0.013698630136986356,0.003180761948476718,0.04732181084796183,-0.0009775171065493637,0.04611894061695532,0.014207317073170689,0.04503168396925994,0.022471910112359605,-0.0028248587570620654,0.033333333333333215,0.04416949228661915,0.03804737975592243,0.04137931034482767,0.011100832562442209,0.01871345029239757,0.023160762942779245,0.005485630309057576,-0.36045674313342246,0.03265306122448974,0.023134328358209055,0.006256517205422307,0.04504327730176372,0.0,-0.019337016574585753,0.02896995708154515,0.01871345029239757,0.01327885597548506,0,0,1,0,1
1999-12-31,0.0,0.010466381981076855,0.0347682119205297,0.026068821689259725,0.0,0.038969201759899486,-0.022556390977443663,0.020408163265306145,-0.00936768149882905,0.0030865522174534643,0.009009009009008917,0.0030062448391605656,0.0822557393979817,0.0009784735812132794,0.08600266933600254,0.07016172668790954,0.08536532920483375,0.07326007326007322,-0.0056657223796034994,0.0332986472424559,0.08458064516129027,-0.07053941908713679,0.0364238410596025,0.02104300091491318,0.00574052812858783,0.015312916111850816,0.0455733842364221,-0.006112272800386065,0.009881422924901129,0.04449307075127651,0.061139896373056946,0.08553606075146547,0.0,-0.011267605633802802,0.033368091762252305,0.00574052812858783,0.015120967741935498,0,0,0,1,1
2000-03-31,0.0,0.01027510772290352,0.008000000000000007,0.028455284552845406,0.0121212121212122,0.0,-0.01538461538461533,0.04400000000000004,-0.1449960598896769,0.0025992733444339944,0.022321428571428603,0.002537492159434329,0.0987872763419484,0.003910068426197455,0.09543743759121281,-0.11612359550561802,0.09531262382122185,0.03412969283276435,0.045584045584045496,0.025176233635448186,0.09452144429242737,-0.07514880952380965,0.004792332268370725,0.20788530465949817,0.051369863013698724,0.016393442622950838,-0.013858176625473728,0.603010195824567,0.019569471624266255,0.045391061452513926,-0.00927734375,0.09482443833720922,0.0,-0.011396011396011319,0.034308779011099855,0.051369863013698724,0.029791459781529195,1,0,0,0,1
2000-06-30,0.0,0.0102526246719159,-0.050793650793650724,0.03458498023715406,0.011976047904191711,-0.012704174228675091,-0.03125,0.026819923371647514,-0.022119815668202758,0.002464508236365237,0.017467248908296984,0.002481301367915245,0.033689771843167016,-0.0009737098344694273,0.03355187042036256,0.0635606686582344,0.03358836616202732,0.0,-0.01180744777475018,0.04223968565815328,0.03501811594202908,0.2775543041029769,-0.049284578696343395,-0.07789317507418403,-0.02062975027144409,0.02451612903225797,-0.007331960627371403,0.06935890964159497,0.0499040307101728,0.04475617902471618,-0.00246426811237066,0.03393192550072843,0.0,0.01729106628242061,0.04682926829268297,-0.02062975027144409,0.027000964320154308,0,1,0,0,1
2000-09-30,0.0,0.009986197937809527,-0.030100334448160626,0.03151862464183375,0.01183431952662728,0.03431372549019618,0.032258064516129004,0.033582089552238736,-0.020735155513666337,0.002738705500469951,0.01716738197424883,0.0027198388663909334,0.05305350860303526,-0.0019493177387913674,0.051916553595658055,-0.4461841869359947,0.05337393252134959,-0.05280528052805267,-0.011948529411764719,0.03770028275212067,0.05310416046768074,0.07871536523929468,-0.03177257525083621,0.042638777152051555,0.011086474501108556,0.03904282115869018,0.040414361070248095,-0.24867824773413894,0.034734917733089565,0.031329923273657245,0.008399209486166015,0.052631578947368585,0.0,0.008498583569405138,0.03914259086672889,0.011086474501108556,0.016901408450704203,0,0,1,0,1
2000-12-31,0.0,0.009646302250803762,-0.01896551724137918,0.025925925925925908,0.005847953216374213,0.024289099526066282,-0.0234375,0.032490974729241895,-0.023099133782483183,0.002805520471808487,0.012658227848101333,0.0026523416640438224,0.0002493268175922658,-0.0048828125,-0.0003063478499217842,-0.05395489370885931,6.645180582776078e-05,0.03484320557491283,-0.033488372093023244,0.04359673024523181,0.0,0.07238762405137189,-0.017271157167530138,-0.0825617283950617,0.004385964912280604,0.030909090909090997,0.011636780983594885,-0.32244282483035935,0.026501766784452263,0.012399256044637319,0.03919647231749135,-0.0005322580645161779,0.0,0.0196629213483146,0.033183856502242204,0.004385964912280604,0.013850415512465464,0,0,0,1,1
2001-03-31,0.0,0.009076433121019134,-0.04393673110720564,0.03068592057761732,0.01744186046511631,-0.017929438982070556,0.02400000000000002,0.03846153846153855,-0.002955665024630516,0.002420179925912924,0.02499999999999991,0.0022926153097322377,-0.19826511790218848,-0.011776251226692902,-0.20431598980678045,-0.3954602486597467,-0.20115286222133621,-0.03367003367003374,-0.11164581328200196,0.04699738903394257,-0.1994448784217262,0.10506260206859008,-0.04393673110720564,0.001682085786375076,0.012008733624454093,0.02645502645502651,-0.012280701754386003,0.7761498516320475,0.015490533562822817,0.013472137170851273,-0.005186232909005217,-0.20172027046653862,0.0,0.0,0.04600694444444442,0.012008733624454093,0.021857923497267784,1,0,0,0,1
2001-06-30,0.0,0.008600284046078599,0.047794117647058876,0.02539404553415059,0.005714285714285783,0.05418138987043575,-0.03125,0.030303030303030276,-0.028656126482213384,0.002400259030886698,0.016260162601626105,0.002350713835780782,-0.241553703934005,-0.0019860973187686426,-0.24178051647950694,-0.3835849056603774,-0.23986774522240017,0.08013937282229966,-0.014084507042253502,0.026600166251039115,-0.2401436668258351,-0.040394088669950534,0.047794117647058876,0.013434089000839533,-0.008629989212513456,0.020618556701030855,0.045784487862640555,0.08948522501827316,0.03389830508474567,0.0229607250755286,0.0009478672985780978,-0.2425859664018436,0.0,0.01377410468319562,0.029875518672199064,-0.008629989212513456,0.02406417112299475,0,1,0,0,1
2001-09-30,0.0,0.00813580536650238,-0.03157894736842115,0.029888983774551736,0.011363636363636465,-0.03631284916201116,0.056451612903225756,0.019607843137254832,0.00915564598168861,0.0026543266226151108,0.016000000000000014,0.002619041767747854,-0.12338762571053774,-0.0029850746268655914,-0.12217291343634717,-0.6632996632996633,-0.12135470810308036,-0.12903225806451613,-0.02637362637362639,0.027530364372469585,-0.13387978142076506,0.0816221765913756,-0.029824561403508754,-0.045567522783761416,0.005440696409140466,0.013468013468013407,-0.027927963630805075,-0.8740655549166187,0.03934426229508192,0.008269344359125741,-0.016098484848484862,-0.13523901032908958,0.0,0.010869565217391353,0.015310233682514163,0.005440696409140466,0.00870322019147074,0,0,1,0,1
2001-12-31,0.0,0.0077597578955537205,-0.03804347826086951,0.028192371475953548,-0.005617977528089901,-0.008115942028985468,0.06870229007633588,0.01602564102564097,0.048387096774193505,0.0026683101402789067,0.011811023622047223,0.0025491713442327146,-0.4024067088568133,-0.0029940119760478723,-0.40623096601291264,-4.120909090909091,-0.404010212341989,-0.6037037037037036,-0.03950338600451464,0.023640661938534313,-0.3985173501577287,0.03132415757000495,-0.041591320072332794,-0.03125,0.07792207792207795,0.025470653377630104,0.00873616773442043,-3.140791476407915,0.06309148264984232,0.018160515524311638,0.030798845043310985,-0.40021604938271604,0.0,-0.021505376344086002,0.025396825396825307,0.07792207792207795,0.010353753235547769,0,0,0,1,1
2002-03-31,0.0,0.007315007315007227,0.02259887005649719,0.0185483870967742,0.005649717514124353,0.10286382232612512,0.0714285714285714,0.025236593059936974,0.016346153846153788,0.0022875223513634246,0.015564202334630295,0.002179448222387581,-0.10230058949345289,0.00800800800800805,-0.10022054675078218,-2.495193708127003,-0.10108661581861877,1.08411214953271,0.09400705052878977,0.016166281755196188,-0.09791786856873141,-0.28992176714219964,0.024528301886792336,0.07795698924731176,-0.02008032128514059,0.01565874730021588,0.0808314087759816,-2.2701741912548883,0.011869436201780381,0.015535097813578869,0.06255835667600373,-0.09602223022693357,0.0,-0.01098901098901095,0.01934984520123839,-0.02008032128514059,0.0315969257045261,1,0,0,0,1
2002-06-30,0.0,0.006956122916985219,-0.009208103130755041,0.03404592240696758,0.011235955056179803,-0.007949125596184436,0.11333333333333329,0.03384615384615386,0.06244087038789026,0.002219581798732273,0.019157088122605304,0.0022269852057086315,-0.00493956299395637,0.0009930486593843213,-0.004560223450949086,0.38963569062926173,-0.003951880048817302,0.22421524663677128,0.01074113856068748,0.03560606060606042,-0.0038953488372092115,0.044069993519118444,-0.00886279926335165,0.015793848711554537,0.0010245901639345245,0.018075491759702356,-0.005165598290598261,2.0417016512734394,0.014662756598240456,0.018130311614730887,0.0,-0.0056924916035748785,0.0,-0.025000000000000133,0.04859529233105553,0.0010245901639345245,0.0314569536423841,0,1,0,0,1
2002-09-30,0.0,0.006680330980034954,-0.009293680297397744,0.04823889739663101,0.005555555555555536,-0.04861111111111116,0.017964071856287456,0.038690476190476275,0.05877114870881561,0.0025484306117624644,0.018796992481203034,0.002534999687036965,-0.03860304853121521,-0.00694444444444442,-0.041516348851858176,0.35048366746109627,-0.041309294591283074,-0.05860805860805862,-0.07226354941551538,0.0416971470373082,-0.040856826008288105,0.2942271880819367,-0.008942050865172413,-0.2021276595744681,0.025588536335721557,0.016187989556135873,-0.0477895969028046,-0.6077475156422525,0.01589595375722541,0.04006677796327218,-0.03734622144112476,-0.04202209881490804,0.0,-0.005698005698005604,0.053584359160028905,0.025588536335721557,0.01605136436597121,0,0,1,0,1
2002-12-31,0.0,0.006636000301636358,-0.009380863039399556,0.04382761139517899,0.0,0.06737787759685565,0.05882352941176472,0.02865329512893977,0.03952901597981495,0.0025488883725608424,0.014760147601476037,0.0024418753880466326,-0.18223788118090145,-0.003996003996003861,-0.18389293822439967,-0.2733312571369252,-0.1828860081553162,-0.03891050583657574,-0.04009163802978233,0.032303370786516794,-0.18864480009736506,0.09160671462829728,-0.00902273259901587,-0.03589743589743588,-0.015968063872255467,0.00976361767728684,0.06766930013026351,-0.2638986629134412,0.008534850640113723,0.058855002675227475,0.06115928799634873,-0.18920695631387074,0.0,-0.011461318051575908,0.05085910652920966,-0.015968063872255467,0.014218009478673022,0,0,0,1,1
2003-03-31,0.0,0.006592254101430717,-0.009469696969696906,0.034989503149055246,0.011049723756906049,-0.021567596002104117,0.022222222222222143,0.022284122562674202,0.031553398058252524,0.002137698204056848,0.01090909090909098,0.002082994529544191,-0.13942950527410491,-0.0030090270812437314,-0.13997071742313316,-0.11899999999999988,-0.13987784894979882,0.12145748987854232,-0.04534606205250591,0.01836734693877551,-0.13245331133278326,-0.08391915641476266,-0.009104883528437968,-0.022340425531914843,-0.011156186612576113,0.013740458015267132,-0.02499828344768218,2.2249840662842573,0.0014104372355430161,0.041940373926225405,0.002580645161290418,-0.13267487285324675,0.0,-0.008695652173913104,0.03662524525833866,-0.011156186612576113,0.027258566978193066,1,0,0,0,1
2003-06-30,0.0,0.00647465952221471,-0.00956022944550683,0.023664638269100813,0.010928961748633892,0.031182795698924792,0.05434782608695654,0.019073569482288777,0.0760784313725491,0.0022021717970135413,0.010791366906474753,0.0022236877997576787,-0.09831678895123008,0.008048289738430636,-0.09865509022812402,-0.38916815307280694,-0.10010391409767938,-0.21660649819494593,0.11624999999999996,0.015364061456245803,-0.10089046425175063,-0.1899280575539568,-0.009188544152744615,0.1251360174102285,0.03384615384615386,0.016566265060240948,0.034490790899241563,-0.6400197628458497,0.023943661971830954,0.032977691561590694,0.03389103389103387,-0.09917566074615447,0.0,-0.032163742690058394,0.025867507886435215,0.03384615384615386,0.030326004548900665,0,1,0,0,1
2003-09-30,0.0,0.006433007985803041,-0.009652509652509633,0.0217965653896961,0.00540540540540535,0.0005213764337852478,0.005154639175257714,0.03475935828876997,0.05174927113702621,0.0024763046233537978,0.017793594306049876,0.0024840397859797747,-0.11190886463718175,0.0009980039920158834,-0.10492020020776271,2.0262808601008757,-0.10671670515781362,0.07373271889400934,0.0,0.011184210526315796,-0.10576923076923073,-0.13262285375962102,-0.009273756473563766,0.1624758220502902,0.03373015873015883,0.01185185185185178,-0.0003508459576785361,0.34504529234147663,0.031636863823933936,0.03849765258215965,0.029460580912862966,-0.10377358490566047,0.0,-0.06344410876132933,0.043050430504305126,0.03373015873015883,0.021339220014716664,0,0,1,0,1
2003-12-31,0.0,0.00639188891337894,-0.009746588693957059,0.034259857789269654,-0.005376344086021501,0.03595622720166758,0.01025641025641022,0.0620155038759691,0.05544005544005537,0.0024908012134496893,0.027972027972027913,0.0023885295593419897,-0.011641694513312428,0.003988035892322994,-0.013293943870014702,0.39763157894736856,-0.013680922115695382,0.1287553648068669,0.03023516237402024,0.025374105400130187,-0.014301075268817298,-0.06484641638225253,-0.009360564065159394,0.10399334442595665,0.004798464491362786,0.01024890190336758,0.04278156102671549,-0.9630612244897959,0.01200000000000001,-0.001808318264014508,0.03184199919387343,-0.017578947368421027,0.0,0.05806451612903207,0.06780660377358494,0.004798464491362786,0.025216138328530313,0,0,0,1,1
2004-03-31,0.0,0.006424295517593714,-0.009842519685039353,0.034375000000000044,0.0108108108108107,0.06991951710261568,0.010152284263959421,0.03406326034063256,0.09652002626395273,0.0019808359264692488,0.013605442176870763,0.001947412992124642,-0.004144399607372673,0.0049652432969216065,-0.0016039349871685982,-0.06903910123642742,0.000546089995631327,0.03802281368821303,0.0652173913043479,0.027284263959390875,0.0,0.04890510948905091,-0.00944901214872984,0.08967596081386597,0.01623686723973261,0.01352657004830915,0.06948916696388663,48.88397790055249,0.0013175230566535578,0.02128623188405787,0.02695312499999991,-0.003535840565734416,0.0,-0.0457317073170731,0.06847045831032572,0.01623686723973261,0.0421644413211526,1,0,0,0,1
2004-06-30,0.0,0.0066008994632236195,-0.00994035785288272,0.03444108761329301,0.010695187165775444,0.023037141513869264,0.005025125628140836,0.06117647058823539,0.038922155688622784,0.002141093257266302,0.02684563758389258,0.0021831595588512887,0.16427554484722373,-0.0039525691699605625,0.173931669701189,0.0629677071394863,0.17770985700251063,0.19780219780219777,-0.04795918367346941,0.02779493514515141,0.1745391076688121,-0.07515657620041749,-0.009539147670961312,-0.016597510373444035,0.001879699248120259,0.01096282173498575,0.017224048849225015,0.5855576475800199,0.010526315789473717,0.05498891352549884,0.009128946367439994,0.17924731182795695,0.0,-0.009584664536741117,0.08992248062015507,0.001879699248120259,0.03708698583951442,0,1,0,0,1
2004-09-30,0.0,0.006557613316999333,-0.010040160642570406,0.03621495327102808,0.010582010582010692,-0.018841911764705843,-0.050000000000000044,0.1019955654101996,0.03400576368876074,0.002450511945392586,0.03594771241830075,0.0024857020913358063,0.3813375975919482,0.001984126984126977,0.38116960131374866,-0.11206951227246786,0.37946056168319586,-0.1223241590214067,0.024651661307609762,0.016826923076922906,0.3807931642983189,0.009781790820165392,-0.009631019387116857,-0.03234880450070321,0.017823639774859235,0.012258368694012312,-0.011700766968190002,-0.7534925956971221,0.02864583333333326,0.02522068095838592,0.03279306445533359,0.3798668733473147,0.0,-0.016129032258064613,0.06685633001422464,0.017823639774859235,0.024057217165149414,0,0,1,0,1
2004-12-31,0.0,0.00651489117983961,-0.010141987829614618,0.0310033821871476,0.0,0.07166276346604206,0.026315789473684292,0.03822937625754519,0.030657748049052413,0.00253644652353624,0.02208201892744488,0.0024897565760568785,0.35757575757575766,-0.00099009900990088,0.35240108329480146,-0.023785714285714188,0.3516092185715247,0.03484320557491283,-0.0177824267782426,0.02304964539007104,0.3497679424228157,-0.025335320417287477,-0.009724677948977134,0.1053779069767442,0.02027649769585249,0.017233348858872954,0.06416767507814214,0.6936809294417683,0.010126582278481067,0.035260352603526,0.04489051094890506,0.3480473138174849,0.0,-0.006557377049180357,0.03155555555555556,0.02027649769585249,0.02984126984126978,0,0,0,1,1
2005-03-31,0.0,0.006401593285439988,-0.010245901639344246,0.03936577364680138,0.010471204188481575,0.016171328671328755,-0.005128205128205221,0.04263565891472876,0.055705786911844246,0.0021700519250296146,0.024691358024691468,0.0021166429974111,0.2699137239165328,-0.0009910802775026095,0.2646283090749242,-0.04148679300504865,0.26446609663949094,0.010101010101009944,0.0021299254526090383,0.026574234546504982,0.26411521403298965,-0.21941896024464846,-0.009820175997959368,0.02103879026955946,0.0027100271002709064,0.011904761904761862,0.00936483336040772,0.05270202442697003,0.007518796992481258,0.03405940594059409,0.007684247293049173,0.26632352941176474,0.0,-0.03960396039603953,0.02800517018526505,0.0027100271002709064,0.045006165228113515,1,0,0,0,1
2005-06-30,0.0,0.006148844441303369,-0.010351966873705987,0.03471856917411875,0.010362694300518172,0.005161290322580614,-0.03608247422680411,0.059479553903345694,-0.03790983606557374,0.0020603045726561575,0.030120481927710774,0.002139294880270759,0.12540980368922083,-0.0029761904761904656,0.13034914259230646,0.14251908396946544,0.12702468941657474,0.07666666666666666,-0.04144527098831019,0.01519414743950498,0.1287499507233807,-0.03525954946131238,-0.00991756826378154,-0.022537025112685072,0.02522522522522519,0.012669683257918507,0.0014484558503697897,1.1253973299427846,0.00746268656716409,0.03523554193795486,-0.002426343154246058,0.13293074749351597,0.0,-0.020618556701030966,0.0159262363788768,0.02522522522522519,0.03775811209439528,0,1,0,0,1
2005-09-30,0.0,0.005970778308513669,-0.010460251046025104,0.025927808845958467,0.01025641025641022,0.011553273427471034,-0.03743315508021383,0.04912280701754379,0.027689030883919052,0.0024821615772210315,0.032163742690058506,0.002544081627129602,0.1740137582479293,-0.00497512437810943,0.17480438719376767,0.022248947684906817,0.17326542714619597,0.07430340557275539,-0.029933481152993324,-0.0022172949002217113,0.17347116962944842,-0.1086294416243655,-0.010016911669051831,0.08827404479578393,0.012302284710017597,0.012064343163538771,0.027511260331924525,-0.09010693187766383,0.0185185185185186,0.04217536071032191,0.023627519110493322,0.1730959784057129,0.0,-0.01754385964912286,0.011963696369637011,0.012302284710017597,0.02046617396247874,0,0,1,0,1
2005-12-31,0.0,0.005725857132881762,-0.010570824524313016,0.037661050545094055,0.0050761421319796,0.030456852791878264,-0.022222222222222143,0.045150501672240884,0.05388601036269436,0.0025603486661898156,0.022662889518413554,0.002517378686643701,0.1440657698056802,-0.0050000000000000044,0.138236919407847,-0.054444444444444406,0.13759885829815066,0.057636887608069065,-0.058285714285714274,0.0022222222222223476,0.13889880952380973,0.011389521640091216,-0.010118265440210217,-0.003026634382566562,-0.03211805555555558,0.008388520971302382,0.015073953679084484,-0.5825115055884287,-0.00242424242424244,0.028399006034788732,-0.0013577732518669228,0.138846008213672,0.0,-0.03928571428571426,0.015083571137382679,-0.03211805555555558,0.012256267409470611,0,0,0,1,1
2006-03-31,0.0,0.005415538429493827,-0.010683760683760646,0.025787965616045794,0.015151515151515138,0.016830870279146204,-0.017045454545454586,0.02079999999999993,0.02359882005899716,0.0021904220347708225,0.013850415512465464,0.0021912846785105966,0.14813556664663285,0.007035175879396949,0.151522894521668,0.11750881316098694,0.14967853222518435,-0.1825613079019074,0.07888349514563098,-0.001662971175166339,0.14806491232654762,-0.07770270270270263,-0.010221691225275387,0.09714632665452339,0.034977578475336335,0.04028021015761829,0.019572486913502107,0.06122047244094486,-0.049817739975698716,0.025888850535036312,0.03772943575798782,0.1517391304347826,0.0,0.03345724907063197,0.008835341365461824,0.034977578475336335,0.013758943313153527,1,0,0,0,1
2006-06-30,0.0,0.005110144327049149,0.11015118790496747,0.007448789571694592,0.00995024875621886,-0.0056519983851432976,-0.028901734104046284,0.00783699059561127,-0.049951969260326634,0.0021856345726429804,0.010928961748633892,0.002253666826763201,0.07110018662661033,-0.004990019960079861,0.07180579594372705,-0.30308653429826193,0.07033576575962175,0.17666666666666653,-0.057367829021372385,-0.01110494169905607,0.0705619921243712,0.0073260073260073,0.10300429184549342,0.008854454897620379,-0.004332755632582286,0.010101010101010166,0.005309741742330454,2.1393062511593395,-0.010230179028132946,0.02960969044414541,-0.008843760235833553,0.07181400306441921,0.0,0.05035971223021596,-0.006369426751592355,-0.004332755632582286,0.0010857763300760048,0,1,0,0,1
2006-09-30,0.0,0.004878048780487809,-0.029182879377431803,-0.01247689463955648,0.009852216748768461,-0.043442955745026435,0.017857142857142794,0.0031104199066873672,0.023761375126390316,0.0025661211704997022,0.008108108108108025,0.002587062009061336,0.042497131443627545,0.0010030090270811698,0.04242060370171008,-0.2604064968492056,0.0421595905103751,-0.04532577903682711,0.0023866348448686736,-0.018528916339135226,0.04324623136946415,-0.046060606060606024,-0.029182879377431803,-0.03620405924300607,0.010443864229765065,0.006250000000000089,-0.040222156313862834,-0.6689907823209642,0.023255813953488413,0.024836601307189454,0.018175809649702668,0.04280357179853733,0.0,0.013698630136986356,-0.02043269230769229,0.010443864229765065,-0.004338394793926281,0,0,1,0,0
2006-12-31,0.0,0.004854368932038833,-0.05010020040080165,-0.002807674309780017,0.0,0.041595925297113645,-0.052631578947368585,-0.006201550387596955,0.03851851851851862,0.0027366500596448518,0.01072386058981234,0.0025603315729660903,-0.0007949125596183881,0.008016032064128265,-0.0006553990983297897,0.11604464178567153,-0.0006725360723892626,-0.10979228486646886,0.10119047619047628,-0.014302059496567487,-0.0006929300752033241,-0.03684879288437104,-0.05010020040080165,0.09334092202618094,0.006890611541774394,0.011180124223602483,0.03739528347013321,-2.5208853980721173,-0.008838383838383868,0.06441326530612246,-0.027588445309964293,-0.0006556334810162712,0.0,-0.006756756756756799,-0.014314928425357865,0.006890611541774394,-0.005991285403050051,0,0,0,1,0
2007-03-31,0.0,0.004830917874396157,0.012658227848101111,0.0018770530267480101,0.009756097560975618,0.0488997555012225,0.043209876543209846,-0.01404056162246492,0.04374702805515929,0.0023626245459695827,0.0026525198938991412,0.00221373180505835,0.015543724374273316,0.0,0.01633610238880734,0.2652688172043012,0.015234016518813176,0.0,-0.00324324324324321,-0.006384213580963527,0.016315542593763332,-0.09894459102902387,0.012658227848101111,0.029672045809474135,0.008554319931565413,0.011875511875511835,0.044338895077672635,-2.1962441314553995,-0.005095541401273884,0.016776512881965244,0.07510013351134837,0.01723658051689858,0.0,-0.00340136054421758,-0.009958506224066466,0.008554319931565413,-0.0032876712328766544,1,0,0,0,0
2007-06-30,0.0,0.0048754062838569645,0.039583333333333526,-0.00843091334894619,0.009661835748792313,-0.059052059052059014,-0.011834319526627168,-0.015822784810126556,-0.0013667425968109104,0.0023038640421011447,0.0,0.002242107714314212,-0.04852867329516919,-0.00497017892644136,-0.04732107938991004,-0.1756607461545,-0.048350809529548955,0.1100000000000001,-0.057483731019522755,-0.002336448598130758,-0.04948528083799886,0.07027818448023426,0.039583333333333526,0.04196157735085948,0.00593723494486853,0.014973694860380471,-0.0583473018329016,0.8811813186813184,0.006402048655569814,0.004419563936358228,-0.03725551071095934,-0.04756972267281634,0.0,0.020477815699658786,-0.026404023470243065,0.00593723494486853,-0.009895547003848315,0,1,0,0,0
2007-09-30,0.13592233009708732,0.004784366576819465,-0.01002004008016033,-0.02692489371752471,0.009569377990430672,-0.0016515276630884035,0.005988023952095967,-0.036977491961414755,0.019616788321167977,0.0025871333236040517,-0.010582010582010581,0.002585600297393853,-0.0881800333551479,-0.0029970029970030065,-0.08983990147783238,-0.4811340206185567,-0.08920316622691293,-0.03003003003003002,-0.013808975834292303,-0.014051522248243575,-0.09149830050457064,0.3898768809849522,-0.008016032064128265,-0.032993692382338624,0.005059021922428242,0.01714513556618824,0.0,-0.8560997235696031,0.029262086513994978,0.019067175124670044,-0.028700419219606532,-0.0923398928857243,0.13592233009708732,0.07023411371237454,-0.03831252690486442,0.005059021922428242,-0.026096612992781765,0,0,1,0,0
2007-12-31,0.0,0.004761585406746649,-0.0668016194331984,-0.014563106796116498,0.0,-0.014061207609594728,0.011904761904761862,-0.04173622704507518,0.05279642058165557,0.00257053250052941,-0.002673796791443861,0.002535894829886587,-0.21103445082422678,-0.008016032064128265,-0.21259274293575092,-0.15219550963639972,-0.21068854434633466,0.021671826625387025,-0.09568261376896148,-0.0106888361045131,-0.21223247275346824,0.2470472440944882,-0.06868686868686869,-0.014550928248871053,0.003355704697986628,0.017640141121128883,-0.016460580912863065,1.5777455599855026,-0.00988875154511748,0.030800230282095553,0.015272244355909681,-0.21477177672778247,0.0,0.0625,-0.06311548791405552,0.003355704697986628,-0.03420752565564422,0,0,0,1,0
2008-03-31,0.0,0.004739020157522367,-0.04338394793926248,-0.01625615763546806,0.009478672985782088,-0.018875838926174504,0.0,-0.05574912891986061,0.06502337441563966,0.002174565829288433,-0.008042895442359255,0.0021959587754145637,-0.38624292044487485,-0.007070707070707116,-0.39729636842708216,-0.3046636981485822,-0.3956192377708616,0.14242424242424256,-0.05935483870967739,-0.018607442977190858,-0.39725663716814164,0.41120757695343313,-0.04338394793926248,-0.1186354378818737,-0.03511705685618727,0.014252696456086289,-0.005762910649572017,0.5984251968503935,-0.0037453183520599342,0.013962580284836656,-0.05035971223021585,-0.3982667779921113,0.0,0.026470588235294246,-0.07453416149068337,-0.03511705685618727,-0.01416765053128688,1,0,0,0,0
2008-06-30,0.0,0.0046502358333886384,0.038548752834467015,-0.019028542814221283,0.014084507042253502,0.005985463873450225,-0.005882352941176561,-0.08118081180811809,0.032322426177174846,0.002054605081196481,-0.024324324324324298,0.002194442064752611,-0.22581879034185992,-0.01322482197355035,-0.21583349173161004,-0.9214694978092349,-0.21166925767586464,0.3342175066312998,-0.1824417009602195,-0.01712538226299698,-0.20388587089512056,-0.03914988814317666,0.03628117913832196,0.03812824956672434,-0.013864818024263426,0.009874667679452998,0.004243275469200114,0.9311224489795917,0.0,0.0046819058110714185,0.04752066115702469,-0.20894736842105255,0.0,0.02005730659025784,-0.07950438822922035,-0.013864818024263426,-0.017964071856287456,0,1,0,0,0
2008-09-30,0.11965811965811968,0.0044964623421279715,-0.028384279475982543,-0.024502297090352232,0.01388888888888884,-0.03739906502337442,0.053254437869822535,-0.07630522088353409,0.0831078469269424,0.002362551424102577,-0.03324099722991691,0.0024395055234087692,-0.05650938735177857,0.0020618556701030855,-0.07871773118409886,-28.609442060085836,-0.07801811795156222,-0.05964214711729621,0.08724832214765099,-0.00995644057249534,-0.08200651625991273,0.04190919674039573,-0.026258205689277947,-0.016694490818030094,-0.03690685413005268,0.001128243700639242,-0.037326707990552155,-0.47018630711064546,0.005012531328320913,-0.0013706140350877583,-0.06278763971071666,-0.08062662553680511,0.11965811965811968,0.042134831460674205,-0.07010656197420073,-0.03690685413005268,-0.04939024390243896,0,0,1,0,0
2008-12-31,0.0,0.004213020867618988,-0.17303370786516858,-0.02930402930402931,-0.0091324200913242,-0.017660044150110354,0.101123595505618,-0.034782608695652195,0.09814418272662384,0.002393042474864826,-0.008595988538681931,0.002345015775560677,-0.7845126660993651,-0.004115226337448652,-0.7949088995592974,1.5442250893828695,-0.7947329723948934,-0.40169133192389006,-0.10956790123456783,-0.023255813953488302,-0.8013125292975289,0.43184357541899443,-0.17752808988764046,-0.3067345783814375,-0.08029197080291972,-0.0037565740045079066,-0.027941518568425083,-3.431863124408907,-0.03117206982543641,0.049684326104858734,-0.02981410031567866,-0.8004605263157895,0.0,0.15094339622641506,-0.06332931242460793,-0.08029197080291972,-0.051956382296343806,0,0,0,1,0
2009-03-31,0.0,0.003867584398557833,-0.0625,-0.035040431266846306,0.0,-0.0633707865168539,0.03571428571428559,-0.009009009009009028,0.06142346441338975,0.002021054283948276,0.00867052023121384,0.0020286829593902933,-0.3784933171324423,0.0,-0.3191148171905068,0.5050406305370561,-0.31032237056333445,-0.2826855123674913,0.010398613518197486,-0.025740025740025763,-0.28109201213346824,-0.008583690987124526,-0.05464480874316946,-0.12653061224489792,-0.003968253968253954,-0.006033182503770718,-0.06171122560020226,-0.824076365564787,-0.027027027027026973,-0.001569037656903749,-0.07086044830079541,-0.28552588196505113,0.0,0.0936768149882905,-0.04314230521571161,-0.003968253968253954,0.003382949932341006,1,0,0,0,1
2009-06-30,0.0,0.003264986287057514,0.20869565217391295,-0.034636871508379796,0.0,0.059980806142034604,0.11822660098522153,-0.045454545454545414,0.05970606246172694,0.001935384906608606,-0.028653295128939882,0.0020539647397277427,-0.16520039100684258,0.009297520661157188,-0.1931229392369288,-0.41407867494824013,-0.19593956562795078,0.4285714285714286,0.16981132075471717,-0.011889035667107084,-0.187529301453352,-0.13734750098386472,0.2052023121387283,0.13925233644859802,-0.008964143426294813,-0.012139605462822445,0.05261308950914345,-3.1308279742765275,-0.01851851851851849,0.010738606600314338,0.06381322957198443,-0.2002768804799261,0.0,0.03854389721627394,-0.018169582772543658,-0.008964143426294813,0.014160485502360043,0,1,0,0,1
2009-09-30,0.10687022900763354,0.0029940119760478723,0.03597122302158273,-0.0028935185185184897,0.004608294930875667,-0.02987777274784975,0.13215859030836996,-0.021428571428571463,0.0317827217567177,0.002273674884035959,-0.026548672566371723,0.002303937223413488,-0.04508196721311486,0.0020470829068577334,-0.06596614127262113,-0.974572161019885,-0.06165590135055787,-0.09310344827586203,0.0029325513196480912,0.017379679144384985,-0.09578765147143686,-0.2016423357664232,0.03597122302158273,0.14438063986874483,0.04020100502512558,-0.009216589861751112,-0.027887881572510764,-0.359520890314062,-0.006738544474393482,-0.013474993521637724,0.002560351133869876,-0.09578765147143686,0.10687022900763354,-0.030927835051546282,0.0342700479780671,0.04020100502512558,-0.017952127659574546,0,0,1,0,0
2009-12-31,0.0,0.0027255029201818104,0.0023148148148146586,-0.0017411491584445882,-0.00917431192660545,0.021931871208586085,0.11673151750972766,0.0024330900243310083,0.031923830859703184,0.002349767623257115,-0.0060606060606061,0.0023148976015450184,-0.6131207847946045,0.003064351378958108,-0.621875,-10.626702997275203,-0.6214017521902377,0.026615969581749166,0.02631578947368407,0.01182654402102501,-0.6381620931716656,-0.008571428571428563,0.004629629629629539,0.06810035842293916,-0.020289855072463725,-0.009689922480620172,0.029158220972285598,-0.7037255190693565,-0.024423337856173677,-0.008405568689256682,-0.004377964246625288,-0.6381620931716656,0.0,-0.023404255319149025,0.031809145129224614,-0.020289855072463725,-0.025727826675693843,0,0,0,1,0
2010-03-31,0.0,0.0025239451203726837,0.06697459584295617,0.0023255813953488857,0.0,0.017808219178082174,0.06620209059233462,-0.007281553398058249,0.052374491180461336,0.0019811097456980953,-0.012195121951219523,0.0020013948132409087,0.6450079239302693,0.003054989816700493,0.8148760330578513,1.028587602604019,0.8148760330578513,0.011111111111111072,0.05270655270655267,0.0071428571428571175,0.8818342151675485,-0.09221902017291073,0.06451612903225823,0.07046979865771807,0.006903353057199135,-0.007436399217221168,0.012795145156352161,0.9950298210735586,-0.0013908205841446364,-0.01245033112582783,0.008794430194210223,0.8818342151675485,0.0,0.028322440087146017,0.03147077713551716,0.006903353057199135,0.0194579569145239,1,0,0,0,1
2010-06-30,0.0,0.0023884836356593553,-0.05411255411255411,-0.000580046403712231,0.0,-0.015253476895468854,0.1078431372549018,-0.0024449877750610804,0.04951005673027331,0.0011325981153567088,-0.0092592592592593,0.0018322963269903347,0.42292870905587665,-0.0010152284263958977,0.3506375227686702,0.7161992465466722,0.3506375227686702,0.08791208791208804,0.0,0.006447453255963964,0.3748828491096532,-0.013333333333333308,-0.05411255411255411,0.057680250783699094,0.022526934378060748,-0.004337539432176629,-0.009926319636516245,0.1836073741903339,-0.013927576601671321,-0.008047210300429208,-0.02361060661096981,0.3748828491096532,0.0,-0.09957627118644063,0.014943960149439661,0.022526934378060748,-0.0034083162917518672,0,1,0,0,0
2010-09-30,0.0,0.002447192168985035,-0.1189931350114416,-0.0011607661056297625,0.004629629629629539,0.02095671981776759,-0.005899705014749124,0.004901960784313708,0.062407862407862336,0.0019458648755228403,0.009345794392523255,0.0020034381583879934,0.046716316858496976,-0.004065040650406582,0.04383007417397167,-0.30081300813008127,0.04383007417397167,-0.14814814814814825,-0.07577807848443852,-0.010890454836643082,0.06816632583503757,0.15444015444015435,-0.11670480549199092,-0.06401896858328393,0.00766283524904221,-0.0023762376237623783,0.012760159137413352,-0.8036202904651653,-0.01412429378531077,-0.01189832341806385,-0.01041666666666663,0.06816632583503757,0.0,-0.05882352941176472,-0.008588957055214785,0.00766283524904221,-0.02941176470588225,0,0,1,0,0
2010-12-31,0.0,0.0025054606192984608,0.08051948051948044,-0.01917489831493313,-0.004608294930875556,0.0008924587237839621,0.014836795252225476,-0.009756097560975618,0.02590194264569834,0.0020840323121789073,-0.006172839506172867,0.0020316813291709757,-0.08538163001293653,0.0020408163265306367,-0.09883720930232542,0.36046511627906974,-0.09883720930232542,0.1462450592885376,0.04392386530014636,-0.00777202072538874,-0.12763241863433328,0.10479375696767002,0.08031088082901561,0.1532615579480685,0.024714828897338448,0.019452163556967106,-0.002546876476490878,2.1607717041800645,0.02148997134670494,-0.009031198686371145,0.04511278195488733,-0.12763241863433328,0.0,-0.09250000000000003,-0.012995049504950451,0.024714828897338448,-0.02607470049330529,0,0,0,1,0
2011-03-31,0.0,0.002819609099647513,0.09615384615384603,-0.014218009478673022,0.004629629629629539,0.011591618368256729,0.10818713450292394,-0.036945812807881784,0.010144274120829522,0.0017191312914088819,-0.02795031055900621,0.0016703248604843512,-0.08628005657708615,0.003054989816700493,-0.09103942652329755,0.2763247863247864,-0.09103942652329755,0.31034482758620685,0.02524544179523147,-0.001958224543080811,-0.07315288953913668,-0.15640766902119074,0.09352517985611497,0.09994508511806699,0.00927643784786647,0.03738317757009346,0.023607483297017673,3.2889114954221768,0.02384291725105192,-0.013808340237503436,-0.03561151079136693,-0.07315288953913668,0.0,-0.05509641873278226,-0.011912225705329238,0.00927643784786647,0.01736613603473236,1,0,0,0,1
2011-06-30,0.0,0.002939484951115068,-0.04824561403508765,0.0018028846153845812,0.009216589861751112,0.005288673424415968,0.0395778364116095,-0.01534526854219953,0.046864539165364816,0.001642263044903558,-0.019169329073482455,0.0016900304269735766,-0.606811145510836,-0.004060913705583813,-0.6435331230283912,-0.13393156097234327,-0.6435331230283912,0.09736842105263155,-0.01641586867305045,-0.013080444735121044,-0.6314127861089187,0.0962918660287082,-0.04824561403508765,0.02296555167249137,-0.004595588235294157,0.008258258258258211,0.009109739973556685,0.37832068311195455,0.006849315068493178,-0.017082049845981495,-0.0018649757553151902,-0.6314127861089187,0.0,-0.04664723032069973,-0.01776649746192882,-0.004595588235294157,0.005689900426742556,0,1,0,0,1
2011-09-30,0.0,0.0029945842625038743,-0.14746543778801835,0.0011997600479904946,0.004566210045662045,-0.02016659359929851,0.027918781725888353,0.0025974025974024872,0.04711149008740145,0.001963634263492775,0.009771986970684043,0.002007935515118797,-0.5216535433070866,-0.011213047910295537,-0.44690265486725655,0.054125106317173266,-0.44690265486725655,-0.184652278177458,-0.16968011126564675,0.005964214711729587,-0.5010706638115632,0.11074740861974885,-0.14976958525345618,-0.10736944851146901,0.007386888273314796,0.01079672375279217,-0.029698602855433354,-0.7656742958756382,0.012244897959183598,-0.004558404558404505,-0.017189835575485812,-0.5010706638115632,0.0,-0.042813455657492394,-0.01421188630490966,0.007386888273314796,-0.03323903818953333,0,0,1,0,0
2011-12-31,0.0,0.0031762164909159285,-0.17837837837837844,-0.016776512881965355,0.0,-0.010738255033557076,-0.01728395061728405,-0.002590673575129543,0.01934039087947892,0.0020206289888209383,0.003225806451612856,0.0019622970078971846,-0.3662551440329218,0.005154639175257714,-0.40800000000000003,0.1932076578889459,-0.40800000000000003,-0.0676470588235294,0.08542713567839177,-0.007246376811594346,-0.4291845493562232,-0.0766208251473478,-0.17615176151761514,-0.024056861673045327,0.019248395967002674,0.010313075506445779,-0.013206281761017569,-1.3723378212974295,0.009408602150537737,0.0014310246136233218,-0.012547528517110274,-0.4291845493562232,0.0,-0.019169329073482455,-0.007208387942332806,0.019248395967002674,-0.014630577907827402,0,0,0,1,0
2012-03-31,0.0,0.0031661600810537482,0.03289473684210531,-0.01706276660572814,0.00454545454545463,0.07824513794663046,-0.002512562814070196,-0.010389610389610393,0.02756141402037149,0.0016841903422708526,-0.009646302250803873,0.0016549415019713187,3.5974025974025974,0.012307692307692353,3.77027027027027,0.1413905452757116,3.77027027027027,0.10410094637223977,0.1651234567901234,-0.006635700066357053,4.015037593984962,-0.011702127659574346,0.03289473684210531,0.12324929971988796,0.023381294964028854,0.013124316441851969,0.06644528880232436,-6.23076923076923,0.011984021304926706,0.009145470134324096,0.07046592221794379,4.015037593984962,0.0,-0.04560260586319209,-0.001980198019802093,0.023381294964028854,0.04602821083890141,1,0,0,0,1
2012-06-30,0.0,0.0033455371796491384,-0.06369426751592366,0.0030998140111593298,0.004524886877828038,0.001258389261745041,0.0,0.0,0.03226433430515052,0.0016303116734781575,-0.0032467532467532756,0.001661775963256007,0.25988700564971756,0.0010131712259371373,0.25070821529745047,-0.15263639791027095,0.25070821529745047,-0.11428571428571421,0.01059602649006619,0.006680026720106813,0.2998500749625188,0.0629709364908504,-0.06369426751592366,-0.027930174563591037,-0.0035149384885764245,0.015113350125944613,0.009696321642429506,0.040095525389643116,0.023684210526315752,0.0014160294534126816,0.016906474820143957,0.2998500749625188,0.0,-0.03071672354948818,0.011904761904762085,-0.0035149384885764245,0.025550035486160416,0,1,0,0,1
2012-09-30,0.0,0.0034602076124568004,-0.06462585034013602,0.007416563658837916,0.009009009009008917,0.042312526183494015,-0.0025188916876575096,0.023622047244094446,0.03106759555639238,0.0019175150024843823,0.013029315960912058,0.001971080209272058,0.13789237668161447,0.0,0.1506228765571913,-0.09534100298735138,0.1506228765571913,0.06451612903225801,-0.017038007863695914,0.023888520238885436,0.19146482122260666,-0.08354430379746836,-0.0680272108843537,0.03694202154951265,0.007054673721340388,0.013470400567174856,0.05224364269465864,-0.7349848942598187,0.02699228791773778,-0.002262443438914019,0.04174036080650856,0.19146482122260666,0.0,-0.021126760563380254,0.021568627450980538,0.007054673721340388,-0.0041522491349480495,0,0,1,0,0
2012-12-31,0.0,0.003573667711598727,0.040000000000000036,-0.0012269938650305567,0.0,0.01165594855305474,-0.022727272727272707,0.02051282051282044,0.01789627465303134,0.0020187569543792527,0.006430868167202508,0.001960846628106472,-0.10541871921182266,0.0030364372469635637,-0.1171259842519684,0.08669992271481775,-0.1171259842519684,-0.051515151515151514,0.058666666666666645,0.0019442644199609838,-0.1606969990319458,0.011049723756906049,0.04379562043795615,0.010390895596239513,0.019264448336252293,0.016089541797831508,0.0071135265700483785,-0.8358413132694938,0.01251564455569465,0.0045351473922903285,0.010865874363327643,-0.1606969990319458,0.0,-0.0539568345323741,0.04606525911708248,0.019264448336252293,0.013203613620569987,0,0,0,1,1
2013-03-31,0.0,0.0036234147560443297,0.09790209790209792,0.0030712530712531105,0.0044642857142858094,0.02661899086213748,-0.0620155038759691,0.022613065326633208,0.02709006099748823,0.001560987991179763,0.006389776357827559,0.0015002680182822914,-0.034140969162995694,-0.003027245206861706,-0.03790412486064665,0.13577293592810502,-0.03790412486064665,0.04472843450479247,-0.03400503778337538,0.01875808538163004,0.0,0.050819672131147575,0.09440559440559437,0.11214495592556317,0.021477663230240474,0.016179001721170483,0.031442996078619556,15.397222222222222,0.014833127317676054,0.0028216704288939187,0.03258313738663077,0.0,0.0,-0.026615969581748944,0.022629969418960227,0.021477663230240474,0.054869684499314175,1,0,0,0,1
2013-06-30,0.0,0.0036725801431682914,0.0031847133757960666,0.016533986527862865,0.008888888888888946,0.03753869969040258,0.00826446280991755,0.04668304668304679,-0.022707423580786035,0.0015237093611508712,0.015873015873015817,0.0015866983372920807,-0.4036488027366021,0.007085020242914908,-0.4020857473928158,-0.10627881823874308,-0.4020857473928158,-0.061162079510703404,0.0651890482398958,0.026031746031746072,-0.42329873125720874,0.024440977639105466,0.0031948881789138905,0.05151915455746359,-0.003364171572750263,0.012533875338753386,0.03707665298624585,-0.08351685583601565,0.02436053593179044,-0.0019696117051209994,0.042290175666883645,-0.42329873125720874,0.0,-0.03125,0.06997607655502414,-0.003364171572750263,0.03446033810143034,0,1,0,0,1
2013-09-30,0.0,0.0037211610022327424,0.18095238095238098,0.01807228915662651,0.008810572687224738,-0.012308839985080144,0.021857923497267784,0.05633802816901401,0.010366398570151869,0.00191676313741862,0.015625,0.0019762783358787672,-0.3824091778202676,-0.0020100502512563345,-0.375968992248062,0.019108280254777066,-0.375968992248062,0.019543973941368087,-0.001223990208078396,0.02103960396039617,-0.33399999999999996,-0.08730964467005076,0.18152866242038201,0.08417085427135684,0.0033755274261604296,0.014720642355302793,-0.01930866965620326,-0.30129390018484303,0.029726516052318575,-0.004510854243022222,0.012484394506866447,-0.33399999999999996,0.0,-0.032258064516129115,0.05757406372274998,0.0033755274261604296,0.0018856065367693908,0,0,1,0,1
2013-12-31,0.0,0.0037691547207117093,0.018817204301075252,0.01893491124260338,0.0,0.0332326283987916,-0.03475935828876997,0.03333333333333344,0.02476561117990439,0.0020614716318774207,0.006153846153846176,0.002016561683434448,0.8575851393188851,-0.004028197381671594,0.8695652173913042,-0.10000000000000009,0.8695652173913042,-0.051118210862619695,-0.05759803921568618,0.024848484848484897,0.9009009009009006,0.02725250278086766,0.02156334231805923,0.0672074159907301,0.00420521446593769,0.01516650181338619,0.037598167913334146,-1.7383597883597885,0.01501154734411081,-0.0005664117813650726,0.03082614056720101,0.9009009009009006,0.0,-0.012499999999999956,0.02748414376321362,0.00420521446593769,0.005018820577164185,0,0,0,1,1
2014-03-31,0.0,0.003816558941212689,-0.02902374670184693,0.008130081300812941,0.008733624454148492,0.005847953216374213,-0.011080332409972304,0.021505376344086002,0.026756430174348367,0.0017295860020098974,0.00917431192660545,0.001688109223186407,-0.15333333333333332,0.005055611729019249,-0.18106312292358806,0.08104166666666668,-0.18106312292358806,0.06734006734006726,0.052015604681404426,0.009461856889414477,-0.2622432859399684,-0.09366540335679474,-0.02902374670184693,0.045240680419833534,0.007537688442211143,0.016563819421890225,0.0044069041498346895,-3.7273378717305623,0.014789533560864543,0.005100595069424729,-0.008971291866028741,-0.2622432859399684,0.0,-0.021097046413502185,0.025205761316872355,0.007537688442211143,0.028089887640449396,1,0,0,0,1
2014-06-30,0.0,0.0038020482001595024,-0.0652173913043479,0.0005760368663594306,0.008658008658008587,0.04651162790697683,-0.03921568627451,0.025263157894736876,0.011936785474109035,0.0016794248441658333,0.021212121212121238,0.0017229941110072922,-0.33464566929133865,0.001006036217303663,-0.330628803245436,0.19483522836770106,-0.330628803245436,0.009463722397476504,0.023485784919653696,0.022261277094317578,-0.2869379014989293,-0.046594982078853264,-0.0652173913043479,-0.0166204986149584,0.03075644222776397,0.018849840255591,0.03242047531992687,0.5513662637940095,0.029147982062780242,0.010431350436989062,0.02776101388050689,-0.2869379014989293,0.0,-0.02155172413793094,0.01003512293025599,0.03075644222776397,0.01578627808136024,0,1,0,0,1
2014-09-30,0.0,0.0039098295558677165,-0.05232558139534893,0.005757052389176787,0.008583690987124415,-0.02430555555555558,-0.06122448979591821,0.022587268993839782,0.00830702774547265,0.0019937205651492373,0.011869436201780381,0.0020527371397900396,-0.2248520710059171,0.0010050251256281673,-0.20000000000000007,-0.030483870967742077,-0.20000000000000007,-0.009375000000000022,0.0024154589371980784,-0.005157593123209181,-0.19819819819819828,0.013784461152882344,-0.04941860465116277,0.008098591549295708,0.012903225806451646,0.01756036375039205,-0.015936706484822927,-0.9028706918452029,0.027233115468409563,0.00837053571428581,-0.0005871990604815469,-0.19819819819819828,0.0,-0.03083700440528625,0.0009935419771485154,0.012903225806451646,-0.0035863717872087753,0,0,1,0,0
2014-12-31,0.0,0.0039554554859124735,-0.08895705521472386,0.0017172295363481194,-0.004255319148936176,0.06370106761565841,0.012422360248447228,0.010040160642570184,0.014664689405173847,0.00211822582919452,0.008797653958944274,0.0020547966659671957,-0.11832061068702293,0.008032128514056325,-0.14393939393939403,0.06099927909942893,-0.14393939393939403,-0.10725552050473186,0.08192771084337336,0.013248847926267349,-0.12734082397003743,-0.01359703337453666,-0.09174311926605494,-0.0013971358714635063,0.01194267515923575,0.014483821263482355,0.07581324878449047,-8.004359197907586,0.01590668080593849,0.004150525733259469,0.0851938895417157,-0.12734082397003743,0.0,-0.050000000000000155,0.012903225806451646,0.01194267515923575,0.001799640071985742,0,0,0,1,1
2015-03-31,0.0,0.004121711722633092,-0.14141414141414155,0.009714285714285564,0.008547008547008517,-0.03245232519237207,-0.039877300613496924,0.007952286282306265,0.002435855797336739,0.0016853704219055299,0.011627906976744207,0.0016317140186741241,0.06493506493506507,0.005976095617529875,0.08849557522123908,-0.15852192546908472,0.08849557522123908,-0.021201413427561877,0.06347438752783963,0.015349630471859,0.14592274678111594,0.004385964912280826,-0.14141414141414155,0.05456453305351516,0.007867820613689958,0.017010935601458055,-0.035235320289161765,-0.3238735374657704,0.014613778705636848,0.014053458252962336,-0.057931781266919335,0.14592274678111594,0.0,-0.03827751196172258,0.020578147966683114,0.007867820613689958,0.028742514970059974,1,0,0,0,1
2015-06-30,0.0,0.004225522153809003,0.13333333333333353,0.008488964346349714,0.008474576271186418,-0.0003457814661134151,-0.04472843450479236,0.02564102564102555,-0.0016199578810951465,0.0016357109411579973,0.01724137931034475,0.0016883510022438486,-0.24796747967479682,-0.001980198019801982,-0.25609756097560976,0.10559006211180111,-0.25609756097560976,-0.025270758122743597,-0.013612565445026203,-0.0005599104143336753,-0.25093632958801504,0.07985028072364297,0.12941176470588234,0.035820895522387985,0.021077283372365363,0.0185185185185186,0.0021948682385575236,-3.219440353460972,0.026748971193415683,0.014402173913043548,-0.023850574712643624,-0.25093632958801504,0.0,-0.01492537313432829,0.009601536245799291,0.021077283372365363,0.018044237485448145,0,1,0,0,1
2015-09-30,0.0,0.004267852849242582,0.02422145328719716,0.0033670033670034627,0.004201680672268893,0.023175371843652703,-0.08026755852842804,0.026923076923076827,-0.009248742495537865,0.0019665039859881883,0.01412429378531077,0.002018867689393522,1.2864864864864867,-0.0029761904761904656,1.3333333333333335,-0.009382022471910112,1.295081967213115,0.03703703703703698,-0.03715498938428874,0.017366946778711423,1.0,0.07625649913344912,0.0277777777777779,-0.049951969260326634,0.006880733944954143,0.017888563049853312,0.020412894029401496,-0.782100199071002,0.03206412825651306,0.01232252879721396,0.022667059169855674,1.0,0.0,0.010101010101010166,0.016167379933428316,0.006880733944954143,0.0017152658662091813,0,0,1,0,1
2015-12-31,0.0,0.004309570838570753,0.0,0.007270693512304138,0.0,0.022650439486139318,0.0072727272727273196,0.014981273408239737,0.0065509335080249365,0.0020652866984960383,0.011142061281337101,0.0020148000746222916,1.7092198581560285,0.0,1.9391100702576112,-0.10208132478874843,1.9571428571428573,-0.046428571428571375,0.006615214994487362,0.013215859030837107,2.0825,-0.033816425120772986,0.0,-0.027974384900573024,0.0015186028853455547,0.0034572169403630504,0.025883844805430378,-2.7122192615150365,-0.028155339805825297,0.01720031754432383,0.05555555555555558,2.1675,0.0,0.010000000000000009,0.017781937295273886,0.0015186028853455547,0.0028538812785388057,0,0,0,1,1
2016-03-31,0.0,0.00423147982597305,-0.08108108108108103,0.0061077179344808386,0.008368200836819994,-0.00892561983471074,0.04332129963898912,0.011070110701107083,0.02245362837617959,0.0016885547647351729,0.008264462809917328,0.001629078903273129,1.4904013961605584,0.0009950248756218638,1.3147410358565734,-0.06315922440472421,1.318840579710145,-0.03745318352059923,0.003285870755750153,0.00706521739130439,1.3252230332522301,0.11499999999999977,-0.08108108108108103,-0.10263522884882104,0.0037907505686125553,-0.009474590869939736,-0.011349552330558232,-1.143619386393953,0.007992007992007943,0.018990634755463143,-0.026452140714480543,1.2888713496448299,0.0,-0.014851485148514865,0.017931034482758568,0.0037907505686125553,0.026180990324416786,1,0,0,0,1
2016-06-30,0.0,0.004035608308605276,-0.05514705882352955,0.0066225165562914245,0.008298755186721962,0.020680453635757212,-0.04498269896193763,0.018248175182481674,-0.0007956715467855036,0.0015989439532959615,0.0191256830601092,0.0016512130064778585,-0.102312543798178,0.0,-0.10705679862306361,-0.01793298725814063,-0.1059027777777779,0.011673151750972943,0.008733624454148492,0.014570966001079322,-0.10463899546564359,-0.08520179372197301,-0.05514705882352955,0.08809891808346215,0.009063444108761365,0.01710144927536228,0.030421250747995066,17.148606811145513,0.024777006937561907,0.017360224661730816,0.0025210084033613356,-0.10344827586206884,0.0,0.03015075376884413,0.010388437217705437,0.009063444108761365,0.01885745978924014,0,1,0,0,1
2016-09-30,0.0,0.004019387634472071,-0.11284046692607008,0.0032894736842103978,0.012345679012345734,-0.007189542483660105,-0.007246376811594346,0.019713261648745428,-0.019589106545628288,0.00191814472092533,0.018766756032171594,0.001963962069242875,0.15144418423106942,-0.001988071570576455,0.1499614494988435,-0.036658200041189026,0.1479611650485435,-0.02692307692307705,-0.022727272727272818,0.007446808510638281,0.15582391897156223,-0.03376906318082784,-0.11284046692607008,0.07954545454545459,0.01646706586826352,0.016528925619834656,-0.014706407166007573,-0.7162231320368475,0.026112185686653744,0.01731493099121706,0.0025146689019279744,0.14115384615384619,0.0,0.009756097560975618,0.010281627179258068,0.01646706586826352,0.003810560696788423,0,0,1,0,1
2016-12-31,0.0,0.004003296832685743,0.23684210526315796,0.009836065573770592,0.0,0.023370638578011915,-0.04744525547445244,0.01581722319859402,-0.024366471734892814,0.0019978446745241296,0.007894736842105177,0.0019508521087414632,0.452542372881356,0.003984063745019917,0.4525645323499832,0.08080952041616185,0.4451962110960759,-0.07905138339920936,0.03100775193798455,0.023231256599788752,0.44927536231884035,-0.05580608793686581,0.2412280701754388,0.05032894736842097,0.008100147275404979,0.017101205494813643,0.036987158379980345,-0.3309287646528404,0.011310084825636224,0.013813517513566742,0.01700111482720179,0.44927536231884035,0.0,0.048309178743961345,0.01725663716814152,0.008100147275404979,0.006507592190889255,0,0,0,1,1
2017-03-31,0.0,0.003928697079863985,0.07801418439716312,0.017857142857142794,0.012195121951219523,0.007076230299131625,-0.03065134099616862,0.01903114186851207,0.011488511488511488,0.0016394655095901545,0.010443864229765065,0.0015866022988788586,0.38949824970828484,0.003968253968253954,0.39879990768520646,0.01977978505966904,0.4002808988764044,0.11587982832618016,0.04403866809881851,0.025283797729618085,0.37209302325581395,-0.09492537313432836,0.07773851590105996,0.07015346069527095,0.0051132213294375894,0.013230429988974723,-0.010478419219326018,2.5521114106019764,0.004659832246039164,0.008272506082725117,0.027130720745409675,0.39534883720930236,0.0,0.0,0.021313614615050103,0.0051132213294375894,0.0269396551724137,1,0,0,0,1
2017-06-30,0.0,0.0039717306232112115,-0.046052631578947456,0.008506113769271684,0.008032128514056325,0.016288725646758317,-0.02371541501976293,0.02376910016977929,0.012674897119341555,0.00158447887566604,0.025839793281653645,0.0016394551964269422,0.5011756802149814,-0.000988142292490224,0.4982676126051808,-0.03879226740802999,0.49515212303577405,-0.011538461538461608,-0.008230452674897082,0.005535983895319729,0.5084745762711866,0.01253298153034299,-0.0491803278688524,0.011998829382499299,0.012354651162790775,0.011425462459194735,0.016044513899362345,-0.3126343746047806,0.012059369202226389,0.009652509652509744,0.005602988260405617,0.5055000000000001,0.0,0.023041474654378113,0.016609880749574035,0.012354651162790775,0.020461699895068186,0,1,0,0,1
2017-09-30,0.0,0.0041305486066669506,-0.02758620689655178,0.00685292567211393,0.003984063745019917,0.0072281583909490355,0.02429149797570851,0.01990049751243772,0.024382314694408214,0.0019045103104657901,0.017632241813602123,0.001946929287159893,0.15842470351309013,0.0,0.16066512498623498,-0.1637183022802179,0.15820661896243293,0.023346303501945442,-0.0134854771784233,0.01501501501501501,0.16483146067415722,-0.08013029315960918,-0.02758620689655178,0.01764025448235973,0.012921751615218913,0.01075847229693383,0.019688408978217664,-0.2702851885924563,0.010082493125572967,0.010038240917781938,-0.009816927566993927,0.1698217646407616,0.0,0.018018018018017834,0.0201089233347298,0.012921751615218913,0.006169665809768521,0,0,1,0,1
2017-12-31,0.0,0.004229432213209705,0.0,0.021989528795811397,0.003968253968253954,0.054290171606864224,-0.015810276679842028,0.01788617886178856,-0.014598540145985384,0.0019836707413165566,0.00990099009900991,0.0019370163205885138,0.16640911724937202,0.001978239366963397,0.16375711574952545,0.19303466580873474,0.16507384882710685,-0.03802281368821292,0.03470031545741348,0.014299802761341018,0.16398186553487037,-0.15793201133144463,0.0,0.06706450696220512,0.024805102763997056,0.013571048430015997,0.03881784140218736,-0.06555723651033796,0.006352087114337657,0.011594888783719837,0.07100750267952849,0.1608782057348348,0.0,-0.004424778761061843,0.01601642710472273,0.024805102763997056,0.009197751660705134,0,0,0,1,1
2018-03-31,0.0,0.0045577799573068845,0.07446808510638303,0.015881147540983687,0.011857707509881354,-0.018052678307191483,-0.04819277108433728,0.02076677316293929,0.0011272141706923922,0.0016309170466020095,0.014705882352941124,0.0015753715888615627,0.29046948745549384,0.000987166831194486,0.2898255339964131,0.0,0.29173916645952436,0.07905138339920947,0.005081300813008172,0.01895964997569277,0.2927819673489682,-0.17157275021026075,0.07446808510638303,0.028761651131824273,-0.008298755186721962,0.010238907849829282,-0.013914728682170585,1.390987587695629,0.0036068530207393756,0.009590643274853816,-0.06279709782336751,0.2906986223200456,0.0,0.008888888888888946,0.02021018593371049,-0.008298755186721962,0.026329113924050684,1,0,0,0,1
2018-06-30,0.0,0.004824259131633424,0.01650165016501659,-0.001512859304084735,0.0078125,-0.0488245931283906,-0.07594936708860767,0.026604068857589924,-0.0008042464211034384,0.0015732732943731786,0.024154589371980784,0.0016278686221451455,0.18062239332691687,0.0,0.18494406169015853,0.00903391087440153,0.1806286080821038,0.03663003663003672,-0.006066734074823166,0.018606870229007644,0.17948717948717952,0.02741116751269046,0.01980198019801982,0.03442920010354644,0.017433751743375137,0.007016632016632052,-0.050995818379175994,0.16589549712222085,0.009883198562443907,0.006719184430027836,0.010144153764015007,0.18530916440346124,0.0,-0.00440528634361248,0.013866877971473901,0.017433751743375137,0.014306857424765784,0,1,0,0,1
